<?xml version="1.0" encoding="utf-8"?>
<!--XMLRPGのセーブデータですよ-->
<savedata><flag id="0" value="0"/>
<flag id="1" value="0"/>
<flag id="2" value="0"/>
<flag id="3" value="0"/>
<flag id="4" value="0"/>
<flag id="5" value="0"/>
<flag id="6" value="0"/>
<flag id="7" value="0"/>
<flag id="8" value="0"/>
<flag id="9" value="0"/>
<flag id="10" value="0"/>
<flag id="11" value="0"/>
<flag id="12" value="0"/>
<flag id="13" value="0"/>
<flag id="14" value="0"/>
<flag id="15" value="0"/>
<flag id="16" value="0"/>
<flag id="17" value="0"/>
<flag id="18" value="0"/>
<flag id="19" value="0"/>
<flag id="20" value="0"/>
<flag id="21" value="0"/>
<flag id="22" value="0"/>
<flag id="23" value="0"/>
<flag id="24" value="0"/>
<flag id="25" value="0"/>
<flag id="26" value="0"/>
<flag id="27" value="0"/>
<flag id="28" value="0"/>
<flag id="29" value="0"/>
<hero x="6" y="8" life="20" attack="1" defense="1" speed="10"/></savedata>
