<?xml version="1.0" encoding="utf-8"?>
<map width="12" height="16" startx="5" starty="0">
  <!--チップの初期定義-->
  <chipdefine imageid="0" name="野原" isblock="0" />
  <chipdefine imageid="1" name="道" isblock="0" />
  <chipdefine imageid="2" name="じゅうたん" isblock="0" />
  <chipdefine imageid="3" name="茂み" isblock="1" />
  <chipdefine imageid="4" name="石壁" isblock="1" />
  <!--モンスターのデータ-->
  <monsterdefine monsterid="0" life="20" attack="8" defense="4" speed="7" />
  <monsterdefine monsterid="1" life="30" attack="12" defense="16" speed="4" />
  <monsterdefine monsterid="2" life="50" attack="20" defense="20" speed="8" />
  <line id="0">
    <chip imageid="0" />
    <chip imageid="0" />
    <chip imageid="0" />
    <chip imageid="0" />
    <chip imageid="0" />
    <chip imageid="1" />
    <chip imageid="0" />
    <chip imageid="0" />
    <chip imageid="0" />
    <chip imageid="0" />
    <chip imageid="0" />
    <chip imageid="0" />
  </line>
  <line id="1">
    <chip imageid="4" />
    <chip imageid="4" />
    <chip imageid="4" />
    <chip imageid="4" />
    <chip imageid="3" />
    <chip imageid="1" />
    <chip imageid="0" />
    <chip imageid="0" />
    <chip imageid="4" />
    <chip imageid="4" />
    <chip imageid="4" />
    <chip imageid="4" />
  </line>
  <line id="2">
    <chip imageid="4" />
    <chip imageid="2" />
    <chip imageid="2" />
    <chip imageid="4" />
    <chip imageid="3" />
    <chip imageid="1" />
    <chip imageid="0" />
    <chip imageid="4" />
    <chip imageid="2" />
    <chip imageid="2" />
    <chip imageid="2">
      <npc imageid="2" name="防具商人" type="F">
        <speech>「私は陽気な防具屋だよ。</speech>
        <speech flagid="2" state="0">金のないやつは相手にしないよ」</speech>
        <speech flagid="2" state="1">村長さんの紹介なら、防具をただであげるよ」<setflag flagid="3" state="1" /></speech>
      </npc>
    </chip>
    <chip imageid="4" />
  </line>
  <line id="3">
    <chip imageid="4" />
    <chip imageid="2">
      <npc imageid="1" name="村長" type="F">
        <speech flagid="0" state="0">「モンスターに村の公民館を乗っ取られてしまいました。</speech>
        <speech flagid="0" state="0">村人がたくさん人質になっています。助けてもらえませんか。</speech>
        <speech flagid="0" state="0">私の名前を出せば、商人が武器と防具をくれるはずです」<setflag flagid="2" state="1" /></speech>
        <speech flagid="0" state="1">「ありがとうございました。これで平和な村に戻りました」<setflag flagid="0" state="2" /></speech>
      </npc>
    </chip>
    <chip imageid="2" />
    <chip imageid="2" />
    <chip imageid="1" />
    <chip imageid="1" />
    <chip imageid="1" />
    <chip imageid="2" />
    <chip imageid="2" />
    <chip imageid="4" />
    <chip imageid="4" />
    <chip imageid="4" />
  </line>
  <line id="4">
    <chip imageid="4" />
    <chip imageid="2" />
    <chip imageid="2" />
    <chip imageid="4" />
    <chip imageid="3" />
    <chip imageid="1" />
    <chip imageid="0" />
    <chip imageid="4" />
    <chip imageid="2" />
    <chip imageid="2" />
    <chip imageid="2" />
    <chip imageid="4" />
  </line>
  <line id="5">
    <chip imageid="4" />
    <chip imageid="4" />
    <chip imageid="4" />
    <chip imageid="4" />
    <chip imageid="3" />
    <chip imageid="1">
      <npc imageid="3" name="モンスター" type="E" monsterid="0">
        <speech flagid="4" state="0">「手ぶらで来るやつがあるか。やる気ないなら帰れ」</speech>
        <speech flagid="4" state="1">「お前武器を持ってるな。刃向かう気か？」</speech>
      </npc>
    </chip>
    <chip imageid="0" />
    <chip imageid="4" />
    <chip imageid="2" />
    <chip imageid="2" />
    <chip imageid="2">
      <npc imageid="2" name="武器商人" type="F">
        <speech>「私は陽気な武器屋だよ。</speech>
        <speech flagid="2" state="0">金のないやつは相手にしないよ」</speech>
        <speech flagid="2" state="1">村長さんの紹介なら、剣をただであげるよ」<setflag flagid="4" state="1" /></speech>
      </npc>
    </chip>
    <chip imageid="4" />
  </line>
  <line id="6">
    <chip imageid="0" />
    <chip imageid="0" />
    <chip imageid="0" />
    <chip imageid="0" />
    <chip imageid="0" />
    <chip imageid="1" />
    <chip imageid="0" />
    <chip imageid="3" />
    <chip imageid="4" />
    <chip imageid="4" />
    <chip imageid="4" />
    <chip imageid="4" />
  </line>
  <line id="7">
    <chip imageid="0" />
    <chip imageid="0" />
    <chip imageid="0" />
    <chip imageid="0" />
    <chip imageid="0" />
    <chip imageid="1" />
    <chip imageid="0" />
    <chip imageid="0" />
    <chip imageid="0" />
    <chip imageid="0" />
    <chip imageid="0" />
    <chip imageid="0" />
  </line>
  <line id="8">
    <chip imageid="0" />
    <chip imageid="0" />
    <chip imageid="0" />
    <chip imageid="0" />
    <chip imageid="0" />
    <chip imageid="1" />
    <chip imageid="0" />
    <chip imageid="0" />
    <chip imageid="0" />
    <chip imageid="0" />
    <chip imageid="0" />
    <chip imageid="0" />
  </line>
  <line id="9">
    <chip imageid="4" />
    <chip imageid="4" />
    <chip imageid="4" />
    <chip imageid="4" />
    <chip imageid="4" />
    <chip imageid="2">
      <npc imageid="3" name="門番" type="E" monsterid="0">
        <speech>「ここは通さないよ」</speech>
      </npc>
    </chip>
    <chip imageid="4" />
    <chip imageid="4" />
    <chip imageid="3" />
    <chip imageid="4" />
    <chip imageid="0" />
    <chip imageid="0" />
  </line>
  <line id="10">
    <chip imageid="4" />
    <chip imageid="2" />
    <chip imageid="2" />
    <chip imageid="2" />
    <chip imageid="2" />
    <chip imageid="2" />
    <chip imageid="2" />
    <chip imageid="4" />
    <chip imageid="3" />
    <chip imageid="4" />
    <chip imageid="0" />
    <chip imageid="0">
      <npc imageid="2" name="トレーナー" type="F">
        <speech>「体力を増やしてあげよう」<setflag flagid="5" state="1" /></speech>
      </npc>
    </chip>
  </line>
  <line id="11">
    <chip imageid="4" />
    <chip imageid="2" />
    <chip imageid="4" />
    <chip imageid="4" />
    <chip imageid="4" />
    <chip imageid="4" />
    <chip imageid="4" />
    <chip imageid="4" />
    <chip imageid="3" />
    <chip imageid="4" />
    <chip imageid="3" />
    <chip imageid="3" />
  </line>
  <line id="12">
    <chip imageid="4" />
    <chip imageid="2" />
    <chip imageid="2" />
    <chip imageid="4" />
    <chip imageid="2" >
      <npc imageid="1" name="村人" type="F">
        <speech>「助けてくれてありがとう。</speech>
        <speech>お礼にもっといい武器をあげよう」<setflag flagid="6" state="1" /></speech>
      </npc>
    </chip>
    <chip imageid="4" />
    <chip imageid="2" />
    <chip imageid="4" />
    <chip imageid="4" />
    <chip imageid="4" />
    <chip imageid="4" />
    <chip imageid="4" />
  </line>
  <line id="13">
    <chip imageid="4" />
    <chip imageid="2" />
    <chip imageid="2" />
    <chip imageid="4" />
    <chip imageid="2" />
    <chip imageid="2">
      <npc imageid="3" name="モンスター" type="E" monsterid="1">
        <speech>「俺はちょっと強いぞ」</speech>
      </npc>
    </chip>
    <chip imageid="2" />
    <chip imageid="2" />
    <chip imageid="2" />
    <chip imageid="2">
      <npc imageid="3" name="強いモンスター" type="E" monsterid="2">
        <speech>「俺はここのボスだよ」</speech>
      </npc>
    </chip>
    <chip imageid="2" />
    <chip imageid="4" />
  </line>
  <line id="14">
    <chip imageid="4" />
    <chip imageid="2" />
    <chip imageid="2" />
    <chip imageid="2">
      <npc imageid="3" name="ちょっと強そうなモンスター" type="E" monsterid="1">
        <speech>「俺はちょっと強い」</speech>
      </npc>
    </chip>
    <chip imageid="2" />
    <chip imageid="4" />
    <chip imageid="2" />
    <chip imageid="2" />
    <chip imageid="2" />
    <chip imageid="4" />
    <chip imageid="2">
      <npc imageid="1" name="村人" type="F">
        <speech>「ありがとうございました。<setflag flagid="0" state="1" /></speech>
        <speech>村長のところに行ってください」</speech>
      </npc>
    </chip>
    <chip imageid="4" />
  </line>
  <line id="15">
    <chip imageid="4" />
    <chip imageid="4" />
    <chip imageid="4" />
    <chip imageid="4" />
    <chip imageid="4" />
    <chip imageid="4" />
    <chip imageid="4" />
    <chip imageid="4" />
    <chip imageid="4" />
    <chip imageid="4" />
    <chip imageid="4" />
    <chip imageid="4" />
  </line>
</map>