<?xml version="1.0" encoding="utf-8"?><stage>	<formation id="1" begin="100" end="200">		<enemy imageid="0" life="1" patid="0" sx="-100" sy="640" delay="30" ex="240" ey="60"/>		<enemy imageid="0" life="1" patid="0" sx="-100" sy="640" delay="20" ex="180" ey="60"/>		<enemy imageid="0" life="1" patid="0" sx="-100" sy="640" delay="10" ex="120" ey="60"/>		<enemy imageid="0" life="1" patid="0" sx="-100" sy="640" delay="0" ex="60" ey="60"/>	</formation>	<formation id="2" begin="300" end="400">		<enemy imageid="1" life="2" patid="1" sx="540" sy="660" delay="0" ex="480" ey="60"/>		<enemy imageid="1" life="2" patid="1" sx="540" sy="660" delay="10" ex="420" ey="60"/>		<enemy imageid="1" life="2" patid="1" sx="540" sy="660" delay="20" ex="360" ey="60"/>		<enemy imageid="1" life="2" patid="1" sx="540" sy="660" delay="30" ex="300" ey="60"/>	</formation>	<formation id="3" begin="500" end="600">		<enemy imageid="2" life="3" patid="2" sx="-80" sy="540" delay="0" ex="60" ey="120"/>		<enemy imageid="2" life="3" patid="2" sx="-80" sy="540" delay="10" ex="120" ey="120"/>		<enemy imageid="2" life="3" patid="2" sx="-80" sy="540" delay="20" ex="180" ey="120"/>		<enemy imageid="2" life="3" patid="2" sx="-80" sy="540" delay="30" ex="240" ey="120"/>	</formation>	<formation id="4" begin="700" end="800">		<enemy imageid="2" life="3" patid="3" sx="640" sy="600" delay="0" ex="480" ey="120"/>		<enemy imageid="2" life="3" patid="3" sx="640" sy="600" delay="10" ex="420" ey="120"/>		<enemy imageid="2" life="3" patid="3" sx="640" sy="600" delay="20" ex="360" ey="120"/>		<enemy imageid="2" life="3" patid="3" sx="640" sy="600" delay="30" ex="300" ey="120"/>	</formation>	<formation id="5" begin="1000" end="1100">		<enemy imageid="1" life="2" patid="4" sx="-100" sy="640" delay="0" ex="480" ey="180"/>		<enemy imageid="0" life="1" patid="4" sx="-100" sy="640" delay="10" ex="420" ey="180"/>		<enemy imageid="0" life="1" patid="4" sx="-100" sy="640" delay="20" ex="360" ey="180"/>		<enemy imageid="0" life="1" patid="4" sx="-100" sy="640" delay="30" ex="300" ey="180"/>		<enemy imageid="1" life="2" patid="5" sx="620" sy="640" delay="0" ex="60" ey="180"/>		<enemy imageid="0" life="1" patid="5" sx="620" sy="640" delay="10" ex="120" ey="180"/>		<enemy imageid="0" life="1" patid="5" sx="620" sy="640" delay="20" ex="180" ey="180"/>		<enemy imageid="0" life="1" patid="5" sx="620" sy="640" delay="30" ex="240" ey="180"/>	</formation>	<formation id="6" begin="1200" end="1300">		<enemy imageid="1" life="2" patid="6" sx="-100" sy="640" delay="0" ex="480" ey="240"/>		<enemy imageid="0" life="1" patid="6" sx="-100" sy="640" delay="10" ex="420" ey="240"/>		<enemy imageid="0" life="1" patid="6" sx="-100" sy="640" delay="20" ex="360" ey="240"/>		<enemy imageid="0" life="1" patid="6" sx="-100" sy="640" delay="30" ex="300" ey="240"/>		<enemy imageid="0" life="1" patid="6" sx="-100" sy="640" delay="40" ex="60" ey="240"/>		<enemy imageid="0" life="1" patid="6" sx="-100" sy="640" delay="50" ex="120" ey="240"/>		<enemy imageid="0" life="1" patid="6" sx="-100" sy="640" delay="60" ex="180" ey="240"/>		<enemy imageid="0" life="1" patid="6" sx="-100" sy="640" delay="70" ex="240" ey="240"/>	</formation>	<formation id="7" begin="1500" end="1600">		<enemy imageid="1" life="2" patid="7" sx="620" sy="640" delay="70" ex="420" ey="360"/>		<enemy imageid="2" life="3" patid="7" sx="620" sy="640" delay="60" ex="420" ey="300"/>		<enemy imageid="2" life="3" patid="7" sx="620" sy="640" delay="50" ex="360" ey="300"/>		<enemy imageid="0" life="1" patid="7" sx="620" sy="640" delay="40" ex="360" ey="360"/>		<enemy imageid="0" life="1" patid="7" sx="620" sy="640" delay="30" ex="180" ey="360"/>		<enemy imageid="2" life="3" patid="7" sx="620" sy="640" delay="20" ex="180" ey="300"/>		<enemy imageid="2" life="3" patid="7" sx="620" sy="640" delay="10" ex="120" ey="300"/>		<enemy imageid="1" life="2" patid="7" sx="620" sy="640" delay="0" ex="120" ey="360"/>	</formation></stage>