<?xml version="1.0" encoding="utf-8"?>
<map width="792" height="1200" startx="720" starty="768">
  <!--静的オブジェクト-->
  <mapobjects>
    <object x="768" y="840" width="568" height="24" radian="1.57" ID="0" />
    <object x="672" y="840" width="568" height="24" radian="1.57" ID="0" />
    <object x="24" y="624" width="568" height="24" radian="1.57" ID="0" />
    <object x="765" y="144" width="48" height="24" radian="1.47" ID="0" />
    <object x="751" y="97" width="48" height="24" radian="1.09" ID="0" />
    <object x="674" y="38" width="48" height="24" radian="0.21" ID="0" />
    <object x="552" y="33" width="192" height="24" radian="0" ID="0" />
    <object x="654" y="174" width="48" height="24" radian="1.09" ID="0" />
    <object x="636" y="152" width="48" height="24" radian="0.69" ID="0" />
    <object x="603" y="137" width="48" height="24" radian="0.21" ID="0" />
    <object x="559" y="133" width="48" height="24" radian="0" ID="0" />
    <object x="670" y="240" width="48" height="24" radian="1.47" ID="0" />
    <object x="666" y="208" width="48" height="24" radian="1.47" ID="0" />
    <object x="359" y="33" width="192" height="24" radian="0" ID="0" />
    <object x="240" y="33" width="48" height="24" radian="0" ID="0" />
    <object x="192" y="33" width="48" height="24" radian="0" ID="0" />
    <object x="144" y="36" width="48" height="24" radian="-0.12" ID="0" />
    <object x="99" y="49" width="48" height="24" radian="-0.4" ID="0" />
    <object x="63" y="75" width="48" height="24" radian="-0.8" ID="0" />
    <object x="36" y="116" width="48" height="24" radian="-1.16" ID="0" />
    <object x="26" y="167" width="48" height="24" radian="1.57" ID="0" />
    <object x="33" y="211" width="48" height="24" radian="1.27" ID="0" />
    <object x="49" y="256" width="48" height="24" radian="1.27" ID="0" />
    <object x="24" y="312" width="48" height="24" radian="1.57" ID="0" />
    <object x="24" y="264" width="48" height="24" radian="1.57" ID="0" />
    <object x="720" y="60" width="48" height="24" radian="0.69" ID="0" />
    <object x="177" y="872" width="192" height="24" radian="0.87" ID="0" />
    <object x="227" y="1080" width="192" height="24" radian="0.33" ID="0" />
    <object x="545" y="1056" width="284" height="24" radian="-0.37" ID="0" />
    <object x="408" y="144" width="48" height="24" radian="1.57" ID="0" />
    <object x="74" y="293" width="48" height="24" radian="0.77" ID="0" />
    <object x="593" y="337" width="48" height="24" radian="1.57" ID="0" />
    <object x="720" y="840" width="24" height="48" radian="0" ID="1" />
    <object x="253" y="956" width="24" height="24" radian="0.61" ID="5" />
    <object x="495" y="955" width="24" height="24" radian="-0.61" ID="7" />
    <object x="144" y="168" width="48" height="48" radian="0" ID="2" />
    <object x="408" y="264" width="48" height="48" radian="0" ID="2" />
    <object x="408" y="408" width="48" height="48" radian="0" ID="2" />
    <object x="292" y="983" width="120" height="24" radian="0.61" ID="6" />
    <object x="456" y="982" width="120" height="24" radian="-0.61" ID="8" />
    <object x="360" y="576" width="96" height="96" radian="0" ID="2" />
    <object x="48" y="384" width="192" height="24" radian="-0.87" ID="4" />
    <object x="672" y="288" width="48" height="24" radian="1.57" ID="0" />
    <object x="593" y="386" width="48" height="24" radian="1.57" ID="4" />
    <object x="592" y="288" width="48" height="24" radian="1.57" ID="4" />
    <object x="672" y="338" width="48" height="24" radian="1.57" ID="4" />
    <object x="510" y="133" width="48" height="24" radian="0" ID="4" />
    <object x="768" y="414" width="284" height="24" radian="1.57" ID="0" />
    <object x="581" y="546" width="192" height="24" radian="-1.41" ID="4" />
    <object x="312" y="144" width="48" height="24" radian="1.57" ID="0" />
    <object x="264" y="768" width="192" height="24" radian="1.21" ID="0" />
    <object x="216" y="336" width="192" height="24" radian="1.05" ID="0" />
    <object x="672" y="387" width="48" height="24" radian="1.57" ID="0" />
    <object x="672" y="435" width="48" height="24" radian="1.57" ID="4" />
    <object x="672" y="484" width="48" height="24" radian="1.57" ID="0" />
    <object x="672" y="532" width="48" height="24" radian="1.57" ID="0" />
    <object x="117" y="768" width="48" height="24" radian="1.57" ID="0" />
    <object x="24" y="1008" width="192" height="24" radian="1.57" ID="0" />
    <object x="73" y="1080" width="24" height="48" radian="0" ID="9" />
    <object x="120" y="1056" width="48" height="24" radian="1.57" ID="0" />
    <object x="720" y="943" width="78" height="254" radian="0" ID="3" />
    <object x="520" y="768" width="192" height="24" radian="-1.21" ID="0" />
    <object x="589" y="888" width="192" height="24" radian="-0.61" ID="0" />
    <object x="117" y="720" width="48" height="24" radian="1.57" ID="0" />
    <object x="117" y="672" width="48" height="24" radian="1.57" ID="0" />
    <object x="768" y="248" width="48" height="24" radian="1.57" ID="0" />
    <object x="768" y="196" width="48" height="24" radian="1.57" ID="0" />
    <object x="229" y="650" width="48" height="24" radian="1.55" ID="0" />
    <object x="150" y="528" width="48" height="24" radian="2.57" ID="0" />
    <object x="512" y="791" width="48" height="24" radian="-1.21" ID="4" />
    <object x="273" y="792" width="48" height="24" radian="1.21" ID="4" />
    <object x="72" y="1152" width="78" height="254" radian="0" ID="3" />
    <object x="191" y="502" width="48" height="24" radian="2.57" ID="0" />
  </mapobjects>
  <!--動的オブジェクト-->
  <charaobjects></charaobjects>
</map>