<?xml version="1.0" encoding="utf-8"?>
<map width="640" height="480" startx="0" starty="0">
  <!--静的オブジェクト-->
  <mapobjects>
    <object x="144" y="192" width="128" height="128" radian="0.785" ID="0" />
    <object x="144" y="277" width="160" height="12" radian="0" ID="7" />
    <object x="63" y="288" width="64" height="64" radian="0" ID="8" />
    <object x="227" y="288" width="64" height="64" radian="0" ID="9" />
    <object x="144" y="249" width="12" height="48" radian="0" ID="6" />
    <object x="144" y="192" width="64" height="64" radian="0" ID="3" />
    <object x="264" y="192" width="192" height="12" radian="0" ID="4" />
    <object x="384" y="192" width="64" height="64" radian="0" ID="5" />
    <object x="198" y="138" width="48" height="48" radian="0" ID="1" />
    <object x="79" y="218" width="48" height="48" radian="1.245" ID="2" />
  </mapobjects>
  <!--動的オブジェクト-->
  <charaobjects></charaobjects>
</map>