<?xml version="1.0" encoding="utf-8"?>
<map width="2048" height="480" startx="120" starty="192">
  <!--静的オブジェクト-->
  <mapobjects>
    <object x="96" y="384" width="192" height="24" radian="0" ID="0" />
    <object x="288" y="384" width="192" height="24" radian="0" ID="0" />
    <object x="480" y="384" width="192" height="24" radian="0" ID="0" />
    <object x="672" y="384" width="192" height="24" radian="0" ID="0" />
    <object x="840" y="360" width="192" height="24" radian="0" ID="0" />
    <object x="1032" y="360" width="192" height="24" radian="0" ID="0" />
    <object x="1200" y="384" width="192" height="24" radian="0" ID="0" />
    <object x="1392" y="384" width="192" height="24" radian="0" ID="0" />
    <object x="1584" y="384" width="192" height="24" radian="0" ID="0" />
    <object x="1776" y="384" width="192" height="24" radian="0" ID="0" />
    <object x="1968" y="384" width="192" height="24" radian="0" ID="0" />
    <object x="504" y="360" width="24" height="24" radian="0" ID="1" />
    <object x="504" y="324" width="24" height="48" radian="0" ID="1" />
    <object x="504" y="276" width="24" height="48" radian="0" ID="1" />
    <object x="504" y="228" width="24" height="48" radian="0" ID="1" />
    <object x="522" y="324" width="12" height="96" radian="0" ID="1" />
    <object x="580" y="270" width="12" height="128" radian="1.57" ID="1" />
    <object x="644" y="324" width="12" height="96" radian="0" ID="1" />
    <object x="522" y="216" width="12" height="96" radian="0" ID="1" />
    <object x="644" y="216" width="12" height="96" radian="0" ID="1" />
    <object x="580" y="162" width="12" height="128" radian="1.57" ID="1" />
    <object x="708" y="270" width="12" height="128" radian="1.57" ID="1" />
    <object x="760" y="324" width="24" height="48" radian="0" ID="1" />
    <object x="760" y="288" width="24" height="24" radian="0" ID="1" />
    <object x="504" y="180" width="24" height="48" radian="0" ID="1" />
    <object x="760" y="240" width="24" height="48" radian="0" ID="1" />
    <object x="760" y="192" width="24" height="48" radian="0" ID="1" />
    <object x="708" y="162" width="12" height="128" radian="1.57" ID="1" />
    <object x="552" y="246" width="36" height="36" radian="0" ID="2" />
    <object x="504" y="120" width="24" height="48" radian="0" ID="1" />
    <object x="576" y="120" width="24" height="48" radian="0" ID="1" />
    <object x="540" y="150" width="12" height="96" radian="1.57" ID="1" />
    <object x="540" y="90" width="12" height="96" radian="1.57" ID="1" />
    <object x="504" y="60" width="24" height="48" radian="0" ID="1" />
    <object x="576" y="60" width="24" height="48" radian="0" ID="1" />
    <object x="540" y="30" width="12" height="96" radian="1.57" ID="1" />
    <object x="480" y="348" width="24" height="48" radian="0" ID="1" />
    <object x="480" y="300" width="24" height="48" radian="0" ID="1" />
    <object x="456" y="348" width="24" height="48" radian="0" ID="1" />
    <object x="868" y="336" width="192" height="24" radian="0" ID="0" />
    <object x="868" y="312" width="192" height="24" radian="0" ID="0" />
    <object x="868" y="288" width="192" height="24" radian="0" ID="0" />
    <object x="1680" y="360" width="192" height="24" radian="0" ID="0" />
    <object x="1488" y="360" width="192" height="24" radian="0" ID="0" />
    <object x="1872" y="360" width="192" height="24" radian="0" ID="0" />
    <object x="1584" y="336" width="192" height="24" radian="0" ID="0" />
    <object x="1776" y="336" width="192" height="24" radian="0" ID="0" />
    <object x="1680" y="312" width="192" height="24" radian="0" ID="0" />
    <object x="1680" y="288" width="192" height="24" radian="0" ID="0" />
    <object x="1500" y="300" width="24" height="48" radian="0" ID="1" />
    <object x="1536" y="306" width="36" height="36" radian="0" ID="2" />
    <object x="1568" y="270" width="12" height="128" radian="1.57" ID="1" />
    <object x="1608" y="240" width="24" height="48" radian="0" ID="1" />
    <object x="1728" y="252" width="24" height="48" radian="0" ID="1" />
    <object x="1658" y="186" width="12" height="128" radian="1.57" ID="1" />
    <object x="1680" y="258" width="36" height="36" radian="0" ID="2" />
    <object x="1541" y="228" width="12" height="128" radian="0.92" ID="1" />
    <object x="1439" y="307" width="12" height="128" radian="0.92" ID="1" />
    <object x="1812" y="228" width="192" height="24" radian="1.57" ID="0" />
    <object x="1788" y="228" width="192" height="24" radian="1.57" ID="0" />
    <object x="1272" y="360" width="192" height="24" radian="0" ID="0" />
    <object x="1380" y="360" width="24" height="24" radian="0" ID="1" />
    <object x="1608" y="204" width="24" height="24" radian="0" ID="1" />
    <object x="1728" y="216" width="24" height="24" radian="0" ID="1" />
    <object x="600" y="246" width="36" height="36" radian="0" ID="2" />
    <object x="696" y="246" width="36" height="36" radian="0" ID="2" />
    <object x="539" y="66" width="36" height="36" radian="0" ID="2" />
    <object x="576" y="354" width="36" height="36" radian="0" ID="2" />
    <object x="696" y="354" width="36" height="36" radian="0" ID="2" />
  </mapobjects>
  <!--動的オブジェクト-->
  <charaobjects></charaobjects>
</map>