<?xml version="1.0" encoding="utf-8"?>
<map width="3500" height="480" startx="120" starty="192">
  <!--静的オブジェクト-->
  <mapobjects>
    <object x="96" y="360" width="192" height="24" radian="0" ID="0" />
    <object x="288" y="360" width="192" height="24" radian="0" ID="0" />
    <object x="480" y="360" width="192" height="24" radian="0" ID="0" />
    <object x="672" y="336" width="192" height="24" radian="-0.26" ID="0" />
    <object x="852" y="266" width="192" height="24" radian="-0.48" ID="0" />
    <object x="1224" y="384" width="192" height="24" radian="0" ID="0" />
    <object x="1416" y="384" width="192" height="24" radian="0" ID="0" />
    <object x="1800" y="384" width="192" height="24" radian="0" ID="0" />
    <object x="1992" y="384" width="192" height="24" radian="0" ID="0" />
    <object x="2184" y="384" width="192" height="24" radian="0" ID="0" />
    <object x="2376" y="384" width="192" height="24" radian="0" ID="0" />
    <object x="1032" y="384" width="192" height="24" radian="0" ID="0" />
    <object x="1416" y="72" width="192" height="24" radian="0" ID="0" />
    <object x="1608" y="72" width="192" height="24" radian="0" ID="0" />
    <object x="1800" y="72" width="192" height="24" radian="0" ID="0" />
    <object x="1609" y="362" width="192" height="24" radian="-0.22" ID="0" />
    <object x="1896" y="360" width="192" height="24" radian="0" ID="0" />
    <object x="1802" y="332" width="192" height="24" radian="-0.08" ID="0" />
    <object x="2568" y="384" width="192" height="24" radian="0" ID="0" />
    <object x="2760" y="384" width="192" height="24" radian="0" ID="0" />
    <object x="2952" y="384" width="192" height="24" radian="0" ID="0" />
    <object x="3325" y="30" width="36" height="36" radian="0" ID="2" />
    <object x="1920" y="324" width="24" height="48" radian="0" ID="1" />
    <object x="1920" y="276" width="24" height="48" radian="0" ID="1" />
    <object x="1920" y="216" width="24" height="48" radian="0" ID="1" />
    <object x="1920" y="168" width="24" height="48" radian="0" ID="1" />
    <object x="1920" y="120" width="24" height="48" radian="0" ID="1" />
    <object x="2040" y="348" width="24" height="48" radian="0" ID="1" />
    <object x="2040" y="300" width="24" height="48" radian="0" ID="1" />
    <object x="1972" y="246" width="12" height="128" radian="1.57" ID="1" />
    <object x="2040" y="264" width="24" height="24" radian="0" ID="1" />
    <object x="2160" y="348" width="24" height="48" radian="0" ID="1" />
    <object x="2160" y="300" width="24" height="48" radian="0" ID="1" />
    <object x="2160" y="264" width="24" height="24" radian="0" ID="1" />
    <object x="2100" y="246" width="12" height="128" radian="1.57" ID="1" />
    <object x="2040" y="216" width="24" height="48" radian="0" ID="1" />
    <object x="2040" y="168" width="24" height="48" radian="0" ID="1" />
    <object x="2160" y="216" width="24" height="48" radian="0" ID="1" />
    <object x="2160" y="168" width="24" height="48" radian="0" ID="1" />
    <object x="2107" y="138" width="12" height="128" radian="1.57" ID="1" />
    <object x="1981" y="111" width="12" height="128" radian="2" ID="1" />
    <object x="2107" y="126" width="12" height="128" radian="1.57" ID="1" />
    <object x="2280" y="348" width="24" height="48" radian="0" ID="1" />
    <object x="2228" y="246" width="12" height="128" radian="1.57" ID="1" />
    <object x="2280" y="300" width="24" height="48" radian="0" ID="1" />
    <object x="2280" y="216" width="24" height="48" radian="0" ID="1" />
    <object x="2280" y="264" width="24" height="24" radian="0" ID="1" />
    <object x="2232" y="153" width="12" height="128" radian="2.04" ID="1" />
    <object x="2414" y="348" width="24" height="48" radian="0" ID="1" />
    <object x="2414" y="300" width="24" height="48" radian="0" ID="1" />
    <object x="2414" y="252" width="24" height="48" radian="0" ID="1" />
    <object x="2354" y="204" width="12" height="128" radian="1.86" ID="1" />
    <object x="2520" y="348" width="24" height="48" radian="0" ID="1" />
    <object x="2520" y="300" width="24" height="48" radian="0" ID="1" />
    <object x="2477" y="244" width="12" height="128" radian="2" ID="1" />
    <object x="2616" y="348" width="24" height="48" radian="0" ID="1" />
    <object x="3308" y="318" width="12" height="128" radian="1.57" ID="1" />
    <object x="2667" y="348" width="24" height="48" radian="0" ID="1" />
    <object x="2799" y="360" width="192" height="24" radian="0" ID="0" />
    <object x="2641" y="348" width="24" height="48" radian="0" ID="1" />
    <object x="2544" y="348" width="24" height="48" radian="0" ID="1" />
    <object x="2544" y="312" width="24" height="24" radian="0" ID="1" />
    <object x="2598" y="288" width="12" height="128" radian="1.78" ID="1" />
    <object x="2679" y="299" width="24" height="48" radian="0" ID="1" />
    <object x="2727" y="336" width="24" height="48" radian="1.57" ID="1" />
    <object x="2775" y="336" width="24" height="48" radian="1.57" ID="1" />
    <object x="2727" y="312" width="24" height="48" radian="1.57" ID="1" />
    <object x="1022" y="177" width="192" height="24" radian="-0.48" ID="0" />
    <object x="1192" y="88" width="192" height="24" radian="-0.48" ID="0" />
    <object x="3384" y="276" width="192" height="24" radian="1.57" ID="0" />
    <object x="3288" y="348" width="24" height="48" radian="0" ID="1" />
    <object x="3360" y="348" width="24" height="48" radian="0" ID="1" />
    <object x="3360" y="288" width="24" height="48" radian="0" ID="1" />
    <object x="1982" y="98" width="12" height="128" radian="2" ID="1" />
    <object x="2354" y="191" width="12" height="128" radian="1.86" ID="1" />
    <object x="2602" y="275" width="12" height="128" radian="1.78" ID="1" />
    <object x="2478" y="230" width="12" height="128" radian="2" ID="1" />
    <object x="2697" y="324" width="12" height="96" radian="0" ID="1" />
    <object x="2184" y="216" width="24" height="48" radian="0" ID="1" />
    <object x="2184" y="168" width="24" height="48" radian="0" ID="1" />
    <object x="2236" y="140" width="12" height="128" radian="2.04" ID="1" />
    <object x="2309" y="348" width="24" height="48" radian="0" ID="1" />
    <object x="2311" y="299" width="24" height="48" radian="0" ID="1" />
    <object x="2312" y="250" width="24" height="48" radian="0" ID="1" />
    <object x="2304" y="213" width="24" height="24" radian="0" ID="1" />
    <object x="3288" y="288" width="24" height="48" radian="0" ID="1" />
    <object x="3360" y="240" width="24" height="48" radian="0" ID="1" />
    <object x="3360" y="192" width="24" height="48" radian="0" ID="1" />
    <object x="3326" y="162" width="12" height="96" radian="1.57" ID="1" />
    <object x="3288" y="216" width="12" height="96" radian="0" ID="1" />
    <object x="3288" y="108" width="12" height="96" radian="0" ID="1" />
    <object x="3360" y="108" width="12" height="96" radian="0" ID="1" />
    <object x="3325" y="54" width="12" height="96" radian="1.57" ID="1" />
    <object x="3144" y="384" width="192" height="24" radian="0" ID="0" />
    <object x="3336" y="384" width="192" height="24" radian="0" ID="0" />
  </mapobjects>
  <!--動的オブジェクト-->
  <charaobjects></charaobjects>
</map>