<?xml version="1.0" encoding="utf-8"?>
<map width="900" height="900" startx="192" starty="744">
  <!--静的オブジェクト-->
  <mapobjects>
    <object x="120" y="144" width="192" height="48" radian="0.62" ID="0" />
    <object x="312" y="816" width="568" height="48" radian="-0.16" ID="0" />
    <object x="744" y="888" width="284" height="48" radian="0" ID="0" />
    <object x="624" y="600" width="284" height="48" radian="0" ID="0" />
    <object x="192" y="528" width="284" height="48" radian="0" ID="0" />
    <object x="744" y="408" width="284" height="48" radian="-0.22" ID="0" />
    <object x="432" y="72" width="284" height="48" radian="0.28" ID="0" />
    <object x="864" y="360" width="284" height="48" radian="1.57" ID="0" />
    <object x="384" y="312" width="192" height="48" radian="0" ID="0" />
    <object x="24" y="120" width="568" height="48" radian="1.57" ID="0" />
    <object x="792" y="72" width="192" height="48" radian="0" ID="0" />
    <object x="192" y="360" width="48" height="48" radian="0" ID="0" />
    <object x="864" y="3" width="48" height="90" radian="0" ID="1" />
  </mapobjects>
  <!--動的オブジェクト-->
  <charaobjects></charaobjects>
</map>