<?xml version="1.0" encoding="utf-8"?>
<map width="960" height="480" startx="72" starty="360">
  <!--静的オブジェクト-->
  <mapobjects>
    <object x="312" y="432" width="568" height="48" radian="0" ID="0" />
    <object x="504" y="120" width="192" height="48" radian="-0.32" ID="0" />
    <object x="792" y="432" width="284" height="48" radian="0" ID="0" />
    <object x="911" y="363" width="48" height="90" radian="0" ID="1" />
  </mapobjects>
  <!--動的オブジェクト-->
  <charaobjects></charaobjects>
</map>