{
    "actors": {
        "1": {
            "name": "Sam",
            "level_min": "1",
            "level_max": "99",
            "class": "2",
            "graphic": "1",
            "weapon": "2",
            "shield": "2",
            "helmet": "4",
            "body_armor": "0",
            "accessory": "0",
            "params": {}
        }
    },
    "classes": {
        "2": {
            "name": "Fighter",
            "equippable_weapons": [
                "2",
                "3"
            ],
            "equippable_armors": [
                "2",
                "3",
                "5",
                "6"
            ],
            "_elements": [
                [
                    "2",
                    100
                ],
                [
                    "3",
                    100
                ],
                [
                    "4",
                    100
                ],
                [
                    "5",
                    100
                ],
                [
                    "6",
                    100
                ],
                [
                    "7",
                    100
                ],
                [
                    "8",
                    100
                ],
                [
                    "9",
                    100
                ]
            ],
            "states": [
                [
                    "2",
                    100
                ],
                [
                    "3",
                    100
                ]
            ],
            "skills": {
                "1": [
                    "3"
                ]
            },
            "id": "2"
        },
        "3": {
            "name": "Lancer",
            "equippable_weapons": [
                "2"
            ],
            "equippable_armors": [
                "2",
                "3",
                "4",
                "5",
                "6"
            ],
            "_elements": [
                [
                    "2",
                    100
                ],
                [
                    "3",
                    100
                ],
                [
                    "4",
                    100
                ],
                [
                    "5",
                    100
                ],
                [
                    "6",
                    100
                ],
                [
                    "7",
                    100
                ],
                [
                    "8",
                    100
                ],
                [
                    "9",
                    100
                ]
            ],
            "states": [
                [
                    "2",
                    100
                ],
                [
                    "3",
                    100
                ]
            ],
            "skills": {},
            "id": "3"
        },
        "4": {
            "name": "Warrior",
            "equippable_weapons": [
                "4",
                "5"
            ],
            "equippable_armors": [
                "2",
                "3",
                "4",
                "5",
                "6"
            ],
            "_elements": [
                [
                    "2",
                    100
                ],
                [
                    "3",
                    100
                ],
                [
                    "4",
                    100
                ],
                [
                    "5",
                    100
                ],
                [
                    "6",
                    100
                ],
                [
                    "7",
                    100
                ],
                [
                    "8",
                    100
                ],
                [
                    "9",
                    100
                ]
            ],
            "states": [
                [
                    "2",
                    100
                ],
                [
                    "3",
                    100
                ]
            ],
            "skills": {},
            "id": "4"
        },
        "5": {
            "name": "Thief",
            "skills": {},
            "id": "5"
        },
        "6": {
            "name": "Hunter",
            "skills": {},
            "id": "6"
        },
        "7": {
            "name": "Gunner",
            "skills": {},
            "id": "7"
        },
        "8": {
            "name": "Cleric",
            "skills": {},
            "id": "8"
        },
        "9": {
            "name": "Mage",
            "skills": {},
            "id": "9"
        }
    },
    "weapons": {
        "2": {
            "name": "Bronze Sword",
            "description": "Sword",
            "graphic": "0",
            "price": "500",
            "atk": "112",
            "pdef": "0",
            "mdef": "0",
            "str": "0",
            "dex": "0",
            "agi": "0",
            "int": "0",
            "states": [
                [
                    "2",
                    0
                ],
                [
                    "3",
                    0
                ]
            ],
            "id": "2"
        },
        "3": {
            "name": "Iron Sword",
            "description": "Sword",
            "graphic": "0",
            "price": "1200",
            "atk": "400",
            "pdef": "0",
            "mdef": "0",
            "str": "0",
            "dex": "0",
            "agi": "0",
            "int": "0",
            "states": [
                [
                    "2",
                    0
                ],
                [
                    "3",
                    0
                ]
            ],
            "id": "3"
        },
        "4": {
            "name": "Bronze Axe",
            "description": "Axe",
            "graphic": "0",
            "price": "520",
            "atk": "114",
            "pdef": "0",
            "mdef": "0",
            "str": "0",
            "dex": "0",
            "agi": "0",
            "int": "0",
            "states": [
                [
                    "2",
                    0
                ],
                [
                    "3",
                    0
                ]
            ],
            "id": "4"
        },
        "5": {
            "name": "Iron Axe",
            "description": "Axe",
            "graphic": "0",
            "price": "1300",
            "atk": "142",
            "pdef": "0",
            "mdef": "0",
            "str": "0",
            "dex": "0",
            "agi": "0",
            "int": "0",
            "states": [
                [
                    "2",
                    0
                ],
                [
                    "3",
                    0
                ]
            ],
            "id": "5"
        },
        "6": {
            "name": "New",
            "id": "6"
        }
    },
    "armors": {
        "2": {
            "name": "Bronze Shield",
            "description": "Shield",
            "graphic": "0",
            "kind": "shield",
            "auto_state": "0",
            "price": "390",
            "eva": "0",
            "pdef": "22",
            "mdef": "0",
            "str": "0",
            "dex": "0",
            "agi": "0",
            "int": "0",
            "states": [
                [
                    "2",
                    0
                ],
                [
                    "3",
                    0
                ]
            ],
            "id": "2"
        },
        "3": {
            "name": "Iron Shield",
            "description": "Shield",
            "graphic": "0",
            "kind": "shield",
            "auto_state": "0",
            "price": "970",
            "eva": "0",
            "pdef": "27",
            "mdef": "25",
            "str": "0",
            "dex": "0",
            "agi": "0",
            "int": "0",
            "states": [
                [
                    "2",
                    0
                ],
                [
                    "3",
                    0
                ]
            ],
            "id": "3"
        },
        "4": {
            "name": "Steel Helm",
            "description": "Helmet",
            "graphic": "0",
            "kind": "helmet",
            "auto_state": "0",
            "price": "2000",
            "eva": "",
            "pdef": "82",
            "mdef": "73",
            "str": "0",
            "dex": "0",
            "agi": "0",
            "int": "0",
            "states": [
                [
                    "2",
                    0
                ],
                [
                    "3",
                    0
                ]
            ],
            "id": "4"
        },
        "5": {
            "name": "Mythril Armor",
            "description": "",
            "graphic": "0",
            "kind": "body_armor",
            "auto_state": "0",
            "price": "8500",
            "eva": "0",
            "pdef": "152",
            "mdef": "138",
            "str": "0",
            "dex": "0",
            "agi": "0",
            "int": "0",
            "states": [
                [
                    "2",
                    0
                ],
                [
                    "3",
                    0
                ]
            ],
            "id": "5"
        },
        "6": {
            "name": "Ring of Fire",
            "description": "Ring of the resistance to fire damage",
            "graphic": "0",
            "kind": "accessory",
            "auto_state": "0",
            "price": "3000",
            "eva": "0",
            "pdef": "0",
            "mdef": "0",
            "str": "0",
            "dex": "0",
            "agi": "0",
            "int": "0",
            "_elements": [
                "2"
            ],
            "states": [
                [
                    "2",
                    0
                ],
                [
                    "3",
                    0
                ]
            ],
            "id": "6"
        }
    },
    "elements": {
        "2": {
            "name": "Fire",
            "id": "2"
        },
        "3": {
            "name": "Ice",
            "id": "3"
        },
        "4": {
            "name": "Thunder",
            "id": "4"
        },
        "5": {
            "name": "Water",
            "id": "5"
        },
        "6": {
            "name": "Earth",
            "id": "6"
        },
        "7": {
            "name": "Wind",
            "id": "7"
        },
        "8": {
            "name": "Light",
            "id": "8"
        },
        "9": {
            "name": "Darkness",
            "id": "9"
        }
    },
    "states": {
        "2": {
            "name": "Paralize",
            "rating": "5",
            "hit_rate": "100",
            "max_hp": "100",
            "max_sp": "100",
            "str": "100",
            "dex": "100",
            "agi": "100",
            "int": "100",
            "atk": "100",
            "pdef": "100",
            "mdef": "100",
            "eva": "0",
            "states": [
                [
                    2,
                    0
                ]
            ],
            "id": "2"
        },
        "3": {
            "name": "Venom",
            "rating": "5",
            "hit_rate": "100",
            "max_hp": "100",
            "max_sp": "100",
            "str": "100",
            "dex": "100",
            "agi": "100",
            "int": "100",
            "atk": "100",
            "pdef": "100",
            "mdef": "100",
            "eva": "0",
            "states": [
                [
                    2,
                    0
                ],
                [
                    3,
                    0
                ]
            ],
            "id": "3"
        }
    },
    "items": {
        "2": {
            "name": "Potion",
            "description": "Restores HP to one ally",
            "graphic": "0",
            "price": "50",
            "consumable": "1",
            "parameter": "0",
            "recvr_hp_pourcent": "0",
            "recvr_hp": "100",
            "recvr_sp_pourcent": "0",
            "recvr_sp": "0",
            "hit_rate": "100",
            "pdef": "0",
            "mdef": "0",
            "states": [
                [
                    "2",
                    0
                ],
                [
                    "3",
                    0
                ]
            ],
            "id": "2"
        },
        "3": {
            "name": "Elixir",
            "description": "Restores HP/SP to one ally",
            "graphic": "0",
            "price": "600",
            "consumable": "1",
            "parameter": "0",
            "recvr_hp_pourcent": "0",
            "recvr_hp": "600",
            "recvr_sp_pourcent": "0",
            "recvr_sp": "600",
            "hit_rate": "100",
            "pdef": "0",
            "mdef": "0",
            "states": [
                [
                    "2",
                    0
                ],
                [
                    "3",
                    0
                ]
            ],
            "id": "3"
        },
        "4": {
            "name": "Antidote",
            "description": "Removes Venom state of one ally.",
            "graphic": "0",
            "price": "40",
            "consumable": "1",
            "parameter": "0",
            "recvr_hp_pourcent": "0",
            "recvr_hp": "0",
            "recvr_sp_pourcent": "0",
            "recvr_sp": "0",
            "hit_rate": "100",
            "pdef": "0",
            "mdef": "0",
            "states": [
                [
                    "2",
                    0
                ],
                [
                    "3",
                    -1
                ]
            ],
            "id": "4"
        },
        "5": {
            "name": "Full Potion",
            "description": "Restores HP to one ally.",
            "graphic": "0",
            "price": "450",
            "consumable": "1",
            "parameter": "0",
            "recvr_hp_pourcent": "0",
            "recvr_hp": "9999",
            "recvr_sp_pourcent": "0",
            "recvr_sp": "0",
            "hit_rate": "100",
            "pdef": "0",
            "mdef": "0",
            "states": [
                [
                    "2",
                    0
                ],
                [
                    "3",
                    0
                ]
            ],
            "id": "5"
        }
    },
    "skills": {
        "2": {
            "name": "Heal",
            "description": "Restores HP to one ally.",
            "graphic": "0",
            "sp_costs": "0",
            "power": "-150",
            "atk_f": "0",
            "eva_f": "0",
            "str_f": "0",
            "dex_f": "0",
            "agi_f": "0",
            "int_f": "50",
            "hit_rate": "100",
            "pdef_f": "0",
            "mdef_f": "100",
            "variance": "15",
            "states": [
                [
                    "2",
                    0
                ],
                [
                    "3",
                    0
                ]
            ],
            "id": "2"
        },
        "3": {
            "name": "Fire",
            "description": "Delas fire damage on one enemy",
            "graphic": "0",
            "sp_costs": "75",
            "power": "140",
            "atk_f": "0",
            "eva_f": "0",
            "str_f": "0",
            "dex_f": "0",
            "agi_f": "0",
            "int_f": "100",
            "hit_rate": "100",
            "pdef_f": "0",
            "mdef_f": "100",
            "variance": "15",
            "_elements": [
                "2"
            ],
            "states": [
                [
                    "2",
                    0
                ],
                [
                    "3",
                    0
                ]
            ],
            "id": "3"
        }
    },
    "switches": {
        "2": {
            "name": "S-0001",
            "id": "2"
        },
        "3": {
            "name": "S-0002",
            "id": "3"
        },
        "4": {
            "name": "S-0003",
            "id": "4"
        },
        "5": {
            "name": "S-0004",
            "id": "5"
        },
        "6": {
            "name": "S-0005",
            "id": "6"
        },
        "7": {
            "name": "S-0006",
            "id": "7"
        },
        "8": {
            "name": "S-0007",
            "id": "8"
        },
        "9": {
            "name": "S-0008",
            "id": "9"
        },
        "10": {
            "name": "S-0009",
            "id": "10"
        },
        "11": {
            "name": "S-0010",
            "id": "11"
        },
        "12": {
            "name": "S-0011",
            "id": "12"
        },
        "13": {
            "name": "S-0012",
            "id": "13"
        },
        "14": {
            "name": "S-0013",
            "id": "14"
        },
        "15": {
            "name": "S-0014",
            "id": "15"
        },
        "16": {
            "name": "S-0015",
            "id": "16"
        }
    },
    "variables": {
        "2": {
            "name": "V-0001",
            "id": "2"
        },
        "3": {
            "name": "V-0002",
            "id": "3"
        },
        "4": {
            "name": "V-0003",
            "id": "4"
        },
        "5": {
            "name": "V-0004",
            "id": "5"
        },
        "6": {
            "name": "V-0005",
            "id": "6"
        },
        "7": {
            "name": "V-0006",
            "id": "7"
        },
        "8": {
            "name": "V-0007",
            "id": "8"
        },
        "9": {
            "name": "V-0008",
            "id": "9"
        },
        "10": {
            "name": "V-0009",
            "id": "10"
        },
        "11": {
            "name": "V-0010",
            "id": "11"
        },
        "12": {
            "name": "V-0011",
            "id": "12"
        },
        "13": {
            "name": "V-0012",
            "id": "13"
        },
        "14": {
            "name": "V-0013",
            "id": "14"
        },
        "15": {
            "name": "V-0014",
            "id": "15"
        },
        "16": {
            "name": "V-0015",
            "id": "16"
        }
    },
    "detections": {
        "2": {
            "name": "D-0001",
            "id": "2"
        },
        "3": {
            "name": "D-0002",
            "id": "3"
        },
        "4": {
            "name": "D-0003",
            "id": "4"
        },
        "5": {
            "name": "D-0004",
            "id": "5"
        },
        "6": {
            "name": "D-0005",
            "id": "6"
        },
        "7": {
            "name": "D-0006",
            "id": "7"
        },
        "8": {
            "name": "D-0007",
            "id": "8"
        },
        "9": {
            "name": "D-0008",
            "id": "9"
        },
        "10": {
            "name": "D-0009",
            "id": "10"
        },
        "11": {
            "name": "D-0010",
            "id": "11"
        },
        "12": {
            "name": "D-0011",
            "id": "12"
        },
        "13": {
            "name": "D-0012",
            "id": "13"
        },
        "14": {
            "name": "D-0013",
            "id": "14"
        },
        "15": {
            "name": "D-0014",
            "id": "15"
        },
        "16": {
            "name": "D-0015",
            "id": "16"
        },
        "17": {
            "name": "New",
            "id": "17"
        }
    },
    "tilesets": {
        "1": {
            "name": "Town",
            "propreties": [
                [],
                [],
                [],
                [],
                [],
                [],
                [],
                [],
                [],
                [],
                [],
                [],
                [],
                [],
                [],
                [],
                [
                    5,
                    0
                ],
                [
                    5,
                    0
                ],
                [
                    5
                ],
                [
                    5
                ],
                [
                    5
                ],
                [],
                [],
                [],
                [
                    null,
                    15
                ],
                [
                    null,
                    15
                ],
                [
                    null,
                    15
                ],
                [
                    null,
                    15
                ],
                [
                    null,
                    15
                ],
                [],
                [
                    5
                ],
                [
                    5
                ],
                [
                    null,
                    15
                ],
                [
                    0
                ],
                [
                    null,
                    15
                ],
                [
                    5
                ],
                [
                    5
                ],
                [],
                [
                    null,
                    15
                ],
                [
                    null,
                    15
                ],
                [
                    null,
                    15
                ],
                [
                    5
                ],
                [
                    null,
                    15
                ],
                [
                    null,
                    15
                ],
                [
                    null,
                    15
                ],
                [],
                [
                    null,
                    15
                ],
                [
                    null,
                    15
                ],
                [
                    null,
                    15
                ],
                [
                    null,
                    15
                ],
                [
                    null,
                    15
                ],
                [
                    null,
                    15
                ],
                [
                    null,
                    15
                ],
                [],
                [],
                [],
                [
                    5
                ],
                [
                    5
                ],
                [
                    5
                ],
                [
                    5
                ],
                [],
                [],
                [],
                [],
                [
                    null,
                    15
                ],
                [],
                [],
                [
                    null,
                    15
                ],
                [],
                [],
                [],
                [],
                [
                    null,
                    15
                ],
                [],
                [],
                [
                    null,
                    15
                ],
                [],
                [],
                [
                    5
                ],
                [
                    5
                ],
                [
                    5
                ],
                [
                    5
                ],
                [
                    5
                ],
                [
                    null,
                    15
                ],
                [],
                [
                    null,
                    15
                ],
                [
                    5
                ],
                [
                    5
                ],
                [
                    null,
                    15
                ],
                [
                    null,
                    15
                ],
                [
                    null,
                    15
                ],
                [
                    null,
                    15
                ],
                [],
                [
                    null,
                    15
                ],
                [
                    null,
                    15
                ],
                [
                    null,
                    15
                ],
                [],
                [],
                [],
                [
                    null,
                    15
                ],
                [],
                [],
                [
                    null,
                    15
                ],
                [
                    null,
                    15
                ],
                [],
                [],
                [],
                [],
                [],
                [],
                [
                    null,
                    15
                ],
                [
                    null,
                    15
                ],
                [
                    5
                ],
                [
                    5,
                    0
                ],
                [
                    5,
                    0
                ],
                [
                    5,
                    0
                ],
                [
                    5,
                    0
                ],
                [
                    5
                ],
                [
                    5
                ],
                [
                    5
                ],
                [
                    null,
                    15
                ],
                [
                    null,
                    15
                ],
                [
                    null,
                    15
                ],
                [
                    null,
                    15
                ],
                [
                    null,
                    15
                ],
                [
                    null,
                    15
                ],
                [
                    null,
                    15
                ],
                [
                    null,
                    15
                ],
                [
                    null,
                    15
                ],
                [
                    null,
                    15
                ],
                [
                    null,
                    15
                ],
                [
                    null,
                    15
                ],
                [
                    null,
                    15
                ],
                [
                    null,
                    15
                ],
                [
                    null,
                    15
                ],
                [
                    null,
                    15
                ],
                [
                    null,
                    15
                ],
                [
                    null,
                    15
                ],
                [
                    null,
                    15
                ],
                [],
                [
                    null,
                    15
                ],
                [
                    null,
                    15
                ],
                [
                    null,
                    15
                ],
                [
                    null,
                    15
                ],
                [
                    null,
                    15
                ],
                [
                    null,
                    15
                ],
                [
                    null,
                    0
                ],
                [
                    null,
                    0
                ],
                [
                    null,
                    15
                ],
                [
                    null,
                    15
                ],
                [
                    null,
                    15
                ],
                [
                    null,
                    15
                ],
                [],
                [],
                [],
                [],
                [],
                [],
                [
                    null,
                    15
                ],
                [
                    5
                ],
                [],
                [],
                [],
                [],
                [],
                [],
                [
                    null,
                    15
                ],
                [
                    null,
                    15
                ],
                [],
                [],
                [],
                [],
                [
                    5
                ],
                [
                    5
                ],
                [
                    5
                ],
                [
                    5
                ],
                [],
                [],
                [],
                [],
                [
                    5
                ],
                [
                    5
                ],
                [
                    5
                ],
                [
                    5
                ],
                [
                    5
                ],
                [
                    5
                ],
                [
                    null,
                    15
                ],
                [
                    null,
                    15
                ],
                [
                    5
                ],
                [
                    5
                ],
                [
                    5
                ],
                [
                    5
                ],
                [
                    null,
                    15
                ],
                [
                    null,
                    15
                ],
                [],
                [],
                [],
                [
                    null,
                    15
                ],
                [
                    null,
                    15
                ],
                [],
                [
                    5
                ],
                [
                    5
                ],
                [
                    null,
                    15
                ],
                [
                    null,
                    15
                ],
                [
                    null,
                    15
                ],
                [
                    null,
                    15
                ],
                [],
                [],
                [
                    null,
                    15
                ],
                [
                    null,
                    15
                ],
                [],
                [],
                [
                    null,
                    15
                ],
                [
                    null,
                    15
                ],
                [
                    null,
                    15
                ],
                [],
                [
                    null,
                    15
                ],
                [
                    null,
                    15
                ],
                [
                    null,
                    15
                ],
                [
                    null,
                    15
                ],
                [
                    null,
                    15
                ],
                [
                    null,
                    15
                ],
                [
                    null,
                    15
                ],
                [
                    null,
                    15
                ],
                [
                    null,
                    15
                ],
                [
                    null,
                    15
                ],
                [
                    null,
                    15
                ],
                [
                    null,
                    15
                ],
                [
                    null,
                    15
                ],
                [
                    null,
                    15
                ],
                [
                    null,
                    15
                ],
                [
                    null,
                    15
                ],
                [
                    null,
                    15
                ],
                [
                    null,
                    15
                ],
                [
                    null,
                    15
                ],
                [
                    null,
                    15
                ],
                [
                    null,
                    15
                ],
                [
                    null,
                    15
                ],
                [
                    null,
                    15
                ],
                [
                    null,
                    15
                ],
                [
                    null,
                    15
                ],
                [
                    null,
                    15
                ],
                [
                    null,
                    15
                ],
                [
                    null,
                    15
                ],
                [
                    null,
                    15
                ],
                [
                    null,
                    15
                ],
                [
                    null,
                    15
                ],
                [
                    null,
                    15
                ],
                [],
                [],
                [
                    null,
                    15
                ],
                [
                    null,
                    15
                ],
                [
                    null,
                    15
                ],
                [
                    null,
                    15
                ],
                [
                    null,
                    15
                ],
                [
                    null,
                    15
                ],
                [],
                [],
                [
                    null,
                    15
                ],
                [
                    null,
                    15
                ],
                [
                    null,
                    15
                ],
                [
                    null,
                    15
                ],
                [
                    null,
                    15
                ],
                [
                    null,
                    15
                ],
                [],
                [],
                [
                    null,
                    15
                ],
                [
                    null,
                    15
                ],
                [
                    null,
                    15
                ],
                [
                    null,
                    15
                ],
                [
                    null,
                    15
                ],
                [
                    null,
                    15
                ],
                [
                    5
                ],
                [
                    5
                ],
                [
                    5
                ],
                [
                    5
                ],
                [
                    0
                ],
                [],
                [
                    null,
                    15
                ],
                [
                    null,
                    15
                ],
                [
                    null,
                    15
                ],
                [
                    null,
                    15
                ],
                [
                    null,
                    15
                ],
                [
                    null,
                    15
                ],
                [
                    5,
                    0
                ],
                [
                    5,
                    0
                ],
                [
                    5,
                    0
                ],
                [
                    5,
                    0
                ],
                [
                    null,
                    15
                ],
                [
                    null,
                    15
                ],
                [
                    null,
                    15
                ],
                [
                    null,
                    15
                ],
                [
                    null,
                    15
                ],
                [
                    null,
                    15
                ],
                [
                    null,
                    15
                ],
                [
                    null,
                    15
                ],
                [
                    null,
                    15
                ],
                [
                    null,
                    15
                ],
                [
                    null,
                    15
                ],
                [
                    null,
                    15
                ],
                [
                    null,
                    15
                ],
                [
                    null,
                    15
                ],
                [
                    null,
                    15
                ],
                [
                    null,
                    15
                ],
                [],
                [],
                [],
                [],
                [],
                [],
                [
                    5
                ],
                [
                    5,
                    0
                ],
                [],
                [],
                [],
                [],
                [],
                [],
                [
                    null,
                    15
                ],
                [
                    null,
                    15
                ],
                [],
                [],
                [],
                [],
                [],
                [],
                [],
                [],
                [],
                [],
                [],
                [],
                [],
                [],
                [],
                [],
                [],
                [],
                [],
                [],
                [],
                [],
                [
                    null,
                    15
                ],
                [
                    null,
                    15
                ],
                [],
                [],
                [],
                [],
                [],
                [],
                [],
                [],
                [],
                [],
                [],
                [],
                [],
                [],
                [],
                [],
                [],
                [],
                [],
                [],
                [],
                [],
                [],
                [],
                [],
                [],
                [],
                [],
                [],
                [],
                [],
                [],
                [],
                [],
                [],
                [],
                [],
                [],
                [],
                [],
                [],
                [],
                [],
                [],
                [],
                [],
                [],
                [],
                [],
                [],
                [],
                [],
                [],
                [],
                [],
                []
            ],
            "graphic": "1",
            "id": "1"
        }
    },
    "autotiles": {
        "1": {
            "name": "Town",
            "propreties": [
                [
                    0,
                    0
                ],
                [
                    0,
                    15
                ]
            ],
            "autotiles": [
                "2",
                "3"
            ],
            "id": "1"
        }
    },
    "dynamic_events": {
        "4": {
            "name": "Nouveau",
            "pages": [
                {
                    "trigger": "action_button",
                    "frequence": 2,
                    "type": "fixed",
                    "speed": 4,
                    "switch_1": 0,
                    "switch_2": 0,
                    "switch_3": 0,
                    "commands": [
                        "SHOW_TEXT: {&apos;text&apos;: &apos;defrtaa&apos;}"
                    ],
                    "conditions": {
                        "switch_1": "2",
                        "switch_2": "0",
                        "switch_3": "0",
                        "variable": "0",
                        "variable_value": "0",
                        "self_switch": "0"
                    }
                }
            ],
            "id": "4"
        },
        "_dynamic_event_": true
    },
    "enemies": {
        "2": {
            "name": "Nouveau",
            "graphic": "5",
            "graphic-params": {
                "uniqid": 1365528512552,
                "path": "public/game/1-10/Graphics/Characters/event2.png"
            },
            "action_battle": {
                "area": "64",
                "maxhp": "538",
                "maxsp": "419",
                "str": "41",
                "dex": "39",
                "agi": "41",
                "atk": "100",
                "pdef": "95",
                "mdef": "95",
                "drop": "0",
                "probability": "0",
                "exp": "2",
                "gold": "16"
            },
            "_elements": [
                [
                    "2",
                    100
                ],
                [
                    "3",
                    100
                ],
                [
                    "4",
                    100
                ],
                [
                    "5",
                    100
                ],
                [
                    "6",
                    100
                ],
                [
                    "7",
                    100
                ],
                [
                    "8",
                    100
                ],
                [
                    "9",
                    100
                ]
            ],
            "states": [
                [
                    "2",
                    100
                ],
                [
                    "3",
                    100
                ]
            ],
            "id": "2"
        },
        "3": {
            "name": "Nouveau",
            "id": "3"
        },
        "_dynamic_event_": true
    },
    "animations": {
        "2": {
            "name": "Nouveau",
            "graphic": "10",
            "frames": [
                [
                    {
                        "pattern": 1,
                        "x": -100,
                        "y": -109,
                        "rotation": 0
                    }
                ],
                [
                    {
                        "pattern": 1,
                        "x": -103,
                        "y": -104,
                        "rotation": 0,
                        "zoom": 135
                    }
                ],
                [
                    {
                        "pattern": 1,
                        "x": -103,
                        "y": -104,
                        "rotation": 0,
                        "zoom": 191
                    }
                ],
                [
                    {
                        "pattern": 1,
                        "x": -103,
                        "y": -104,
                        "rotation": 0,
                        "zoom": 265
                    }
                ]
            ],
            "pattern_w": "5",
            "pattern_h": "3",
            "frequence": "2",
            "nb_frames": "10",
            "opacity": "255",
            "rotation": "",
            "zoom": "100",
            "id": "2"
        }
    },
    "_scenes": {
        "4": {
            "name": "Dialog",
            "menu_id": "text_dialog",
            "display": "call",
            "block": "all",
            "_elements": {
                "1": {
                    "graphism": {
                        "opacity": "1",
                        "opacity-var": {},
                        "pos_x-var": {},
                        "pos_y-var": {},
                        "width-var": {},
                        "height-var": {},
                        "border-var": {},
                        "pos_x": "56",
                        "pos_y": "132",
                        "border": "",
                        "width": "500",
                        "height": "120",
                        "color": "DDD3AE",
                        "border_color": "ffffff",
                        "check-opacity": "_no",
                        "check-pos_x": "_no",
                        "check-pos_y": "_no",
                        "check-border": "_no",
                        "check-width": "_no",
                        "check-height": "_no"
                    },
                    "element": {
                        "id": "__text__"
                    },
                    "condition": {},
                    "trigger": {},
                    "options": {}
                }
            },
            "check-opacity": "_no",
            "check-pos_x": "_no",
            "check-pos_y": "_no",
            "check-border": "_no",
            "check-width": "_no",
            "check-height": "_no",
            "id": "4"
        }
    },
    "system": {
        "title": "RPG",
        "screen_width": 640,
        "screen_height": 480,
        "engine": "rpgjs_v2",
        "start": {
            "x": 4,
            "y": 10,
            "id": "1"
        },
        "actor": "1"
    },
    "map_infos": {
        "1": {
            "bgm": null,
            "bgs": null,
            "tileset_id": "1",
            "autotiles_id": "1",
            "events": [
                "EV-1"
            ],
            "dynamic_event": []
        },
        "2": {
            "bgm": "7",
            "bgs": "",
            "tileset_id": "1",
            "autotiles_id": "1",
            "events": [],
            "dynamic_event": []
        },
		"3": {
            "tileset_id": "1",
            "autotiles_id": "1",
            "events": [],
            "dynamic_event": []
        }
    }
}